q,NMAE_mean,NMAE_1,NMAE_2
4,0.09116219552196,0.100378434516303,0.0819459565276169
6,0.0809955068162027,0.107567676124986,0.0544233375074195
8,0.0758004697294057,0.106467775545739,0.0451331639130727
10,0.071058125007708,0.10866871071821,0.0334475392972056
12,0.0743670893345093,0.107343267467041,0.0413909112019777
14,0.076057056469048,0.11030017971003,0.0418139332280664
16,0.0754934041124621,0.106486959906098,0.0444998483188262
18,0.0726747553234198,0.113756084061771,0.0315934265850683
20,0.0730015084091661,0.106329700570566,0.0396733162477666
