T_train,NMAE_mean,NMAE_1,NMAE_2
50,0.0182305003990081,0.0112864527080871,0.0251745480899291
60,0.0171918473687117,0.011737532564168,0.0226461621732554
70,0.0250492047518285,0.0259137633351617,0.0241846461684952
80,0.0257635183091793,0.0180371510884058,0.0334898855299528
90,0.0259561384281152,0.0178675469551732,0.0340447299010572
100,0.0254644415304787,0.0192423120295671,0.0316865710313903
110,0.0270823441344937,0.0218907150387955,0.0322739732301919
120,0.0251968605410544,0.018429668626687,0.0319640524554218
