q,NMAE_mean,NMAE_1,NMAE_2
4,0.0888155526192318,0.097009076765024,0.0806220284734396
6,0.0840779022803596,0.106346549845989,0.0618092547147298
8,0.078603834841184,0.117297348008777,0.0399103216735909
10,0.0706961064812024,0.100702089599836,0.0406901233625687
12,0.0770612484355479,0.109848080495225,0.044274416375871
14,0.0765834030705202,0.10666868272004,0.0464981234210002
16,0.0749080574755384,0.105907228422813,0.0439088865282639
18,0.0689243096300926,0.109060766844815,0.0287878524153702
20,0.0718819539996501,0.0991215590646373,0.0446423489346629
