T_train,MAE_mean,MAE_1,MAE_2
60,0.0908832307984588,0.167808521259476,0.0139579403374412
