T_train,MAE_mean,MAE_1,MAE_2
60,0.0917179519156226,0.172283072672819,0.0111528311584263
