T_train,MAE_mean,MAE_1,MAE_2,NMAE_mean,NMAE_1,NMAE_2
60,0.0908832307984588,0.167808521259476,0.0139579403374412,0.0367591828741724,0.063538488430102,0.00997987731824285
