T_train,MAE_mean,MAE_1,MAE_2,NMAE_mean,NMAE_1,NMAE_2
60,0.0917179519156226,0.172283072672819,0.0111528311584263,0.03660347637586,0.0652327184434097,0.00797423430831022
